USE ENTV
GO

INSERT INTO PurchaseHeader VALUES
('PE001','ST015','VE001','5000000','2019-01-18'),
('PE002','ST014','VE002','3000000','2019-02-13'),
('PE003','ST013','VE003','4000000','2019-03-25'),
('PE004','ST012','VE004','2000000','2019-03-26'),
('PE005','ST011','VE005','3000000','2019-05-11'),
('PE006','ST010','VE006','5000000','2019-06-26'),
('PE007','ST009','VE007','1000000','2019-10-02'),
('PE008','ST008','VE008','5000000','2019-12-19'),
('PE009','ST007','VE009','7000000','2020-01-17'),
('PE010','ST006','VE010','4000000','2020-02-12'),
('PE011','ST005','VE011','10000000','2020-04-12'),
('PE012','ST004','VE012','3000000','2020-04-28'),
('PE013','ST003','VE013','2000000','2020-07-22'),
('PE014','ST002','VE014','6000000','2020-09-02'),
('PE015','ST001','VE015','2500000','2020-10-06'),
('PE016','ST008','VE011','3500000','2020-11-13'),
('PE017','ST008','VE011','1000000','2020-11-16')

INSERT INTO PurchaseDetail VALUES
('PD001','PE001','TE001','59'),
('PD002','PE002','TE002','100'),
('PD003','PE002','TE002','100'),
('PD004','PE003','TE003','111'),
('PD005','PE004','TE004','10'),
('PD006','PE005','TE005','60'),
('PD007','PE006','TE006','15'),
('PD008','PE007','TE007','40'),
('PD009','PE008','TE008','25'),
('PD010','PE009','TE009','12'),
('PD011','PE010','TE010','180'),
('PD012','PE011','TE011','190'),
('PD013','PE012','TE012','11'),
('PD014','PE013','TE013','100'),
('PD015','PE014','TE014','120'),
('PD016','PE015','TE015','112'),
('PD017','PE016','TE013','40'),
('PD018','PE016','TE014','11'),
('PD019','PE016','TE015','21'),
('PD020','PE008','TE007','15'),
('PD021','PE011','TE003','32'),
('PD022','PE008','TE001','12'),
('PD023','PE001','TE003','22'),
('PD024','PE009','TE011','80'),
('PD025','PE011','TE012','90')

INSERT INTO SalesHeader VALUES
('SA001','ST005','CU001','2021-02-04'),
('SA002','ST005','CU002','2021-03-11'),
('SA003','ST001','CU003','2021-03-23'),
('SA004','ST007','CU004','2021-04-25'),
('SA005','ST011','CU005','2021-05-06'),
('SA006','ST002','CU006','2021-06-10'),
('SA007','ST014','CU007','2021-07-29'),
('SA008','ST006','CU008','2021-08-24'),
('SA009','ST011','CU009','2021-08-23'),
('SA010','ST003','CU010','2021-08-04'),
('SA011','ST001','CU011','2021-09-02'),
('SA012','ST014','CU012','2021-09-07'),
('SA013','ST015','CU013','2021-10-30'),
('SA014','ST006','CU014','2021-11-29'),
('SA015','ST007','CU015','2021-12-25')

INSERT INTO SalesDetail VALUES
('SD001','SA001','TE005','3'),
('SD002','SA002','TE005','4'),
('SD003','SA003','TE001','1'),
('SD004','SA004','TE007','2'),
('SD005','SA005','TE011','2'),
('SD006','SA006','TE002','1'),
('SD007','SA007','TE014','5'),
('SD008','SA008','TE006','1'),
('SD009','SA009','TE011','2'),
('SD010','SA010','TE003','2'),
('SD011','SA011','TE001','3'),
('SD012','SA012','TE014','1'),
('SD013','SA013','TE015','2'),
('SD014','SA014','TE006','4'),
('SD015','SA015','TE007','1'),
('SD016','SA006','TE004','2'),
('SD017','SA013','TE008','2'),
('SD018','SA004','TE009','3'),
('SD019','SA001','TE010','2'),
('SD020','SA006','TE011','1'),
('SD021','SA005','TE012','2'),
('SD022','SA012','TE013','1'),
('SD023','SA002','TE002','2'),
('SD024','SA011','TE002','3'),
('SD025','SA014','TE004','1')
