INSERT INTO Staff VALUES
('ST001','James Patterson','JamesPatt4@gmail.com','Male','+6257395465519','14 Kebon Jerok','200000', '2000-11-14'),
('ST002','Sean Connery','SeanConn17@gmail.com','Male','+6217931265515','23 Kebon Anggur','250000', '1997-05-21'),
('ST003','John Cony','JohnCony1@gmail.com','Male','+6217934365611','26 Kebon Tomat','350000', '1994-10-11'),
('ST004','Jenny Brent','JennyBren7@gmail.com','Female','+6211233243525','03 Kebon Pisang','150000', '1999-06-01'),
('ST005','Bonnie Tery','BonnieTery11@gmail.com','Female','+6219283746333','36 Kebon Nanas','550000', '1990-12-23'),
('ST006','Jonathan Sore','JonathanSore123@gmail.com','Male','+6214467263435','43 Kebon Anggur','350000', '1999-10-29'),
('ST007','Prata Ross','PrataRoss5@gmail.com','Male','+6217934343215','34 Kebon Jeruk','250000', '1997-09-16'),
('ST008','Bratt Pitter','BradPitt98@gmail.com','Male','+6254635674351','23 Kebon Tomat','250000', '1999-11-17'),
('ST009','Nathalia Applesed','NathaliaApple13@gmail.com','Female','+6214564578312','99 Kebon Mangga','650000', '1990-03-18'),
('ST010','Ritesh Roorke','RiteshRoor43@gmail.com','Male','+6217646898789','64 Kebon Pisang','350000', '1998-07-09'),
('ST011','Listiawati Amanda','Listiawati12@gmail.com','Female','+6210989879733','31 Kebon Kelapa','350000', '1998-06-23'),
('ST012','Sean Ardell','SeanArdel1@gmail.com','Male','+6223432343543','11 Kebon Nangka','250000', '2000-06-19'),
('ST013','Joel Osborn','JoelOsborn2@gmail.com','Male','+6212343245981','1 Kebon Jeruk','350000', '1998-02-03'),
('ST014','Peter Harry','PeterHarry14@gmail.com','Male','+6209898987678','91 Kebon Mangga','250000', '2000-01-01'),
('ST015','India Solo','IndiaSolo2@gmail.com','Male','+6233345675421','12 Kebon Anggur','350000', '1997-06-09')

INSERT INTO Customer VALUES
('CU001','Nathan Terence','NathanTerence2@gmail.com','Male','+6219876665678','11 Kebon Anggur','2002-11-11'),
('CU002','Josia','Josia11@gmail.com','Male','+6219877787777','23 Kebon Tomat','2002-06-11'),
('CU003','Hans Kris','HansKris4@yahoo.com','Male','+6288825994222','12 Kebon Pisang','1989-09-10'),
('CU004','Peyton Prick','PeytonP2@yahoo.com','Male','+6287623150223','15 Kebon Mangga','1999-08-13'),
('CU005','Shin Uchina','ShinUchina53@yahoo.com','Male','+6219865455678','54 Kebon Mangga','1998-10-20'),
('CU006','Pinokio Tron','PinoTron21@gmail.com','Female','+6212332122239','19 Kebon Jeruk','1990-08-09'),
('CU007','Anos Vodigo','AnosVo12@yahoo.com','Male','+6275656854212','21 Kebon Manggis','1999-07-12'),
('CU008','Kimberly Tan','KimTan17@yahoo.com','Female','+6298645856654','85 Kebon Tomat','1999-02-28'),
('CU009','Matthew Wandana','MatthewWa21@gmail.com','Male','+6215464585885','51 Kebon Anggur','1997-07-09'),
('CU010','Cika Tasya','CikaTasya26@yahoo.com','Female','+6245621321521','55 Kebon Salak','1995-09-29'),
('CU011','Ursula Sinko','UrsulaSink63@yahoo.com','Female','+6253487968475','123 Kebon Rambutan','1992-12-24'),
('CU012','Kevin Sanjay','KevinSanjay78@gmail.com','Male','+6298789789877','17 Kebon Pisang','2005-11-23'),
('CU013','Yoshi Evan','YoshiEvan79@gmail.com','Female','+6256768899675','74 Kebon Nangka','2000-11-11'),
('CU014','Dustin Evan','DustinEvan76@gmail.com','Male','+6256985658565','45 Kebon Manggis','1993-12-02'),
('CU015','Uzumaki Naruto','UzumakiNaruto99@yahoo.com','Male','+6290890989098','54 Kebon Tomat','1994-12-25')

INSERT INTO Supplier VALUES
('VE001','Stark Industries','DistributingDept@stark.com','+6200000057412','23 Avenue'),
('VE002','Samsung','cs.samsung@samsung.com','+6299988899900','32 Rock Avenue'),
('VE003','Life Is Good','lg.tv@lifegood.com','+6211111111111','19 Kelapa Gading'),
('VE004','Changhong','Changhong@gmail.com','+6200000022222','81 Guangdong'),
('VE005','Huawei','Huawei.tv@huawei.com','+6200000000011','1 Shenzen'),
('VE006','Aorus','Aorusdept@aorus.com','+6212312312312','15 Portland Street'),
('VE007','Zevirus','Zevirus.tv@zevirus.com','+6232132132132','91 Banua Harapan'),
('VE008','Asus','Asus.tv@asus.com','+6298989898989','39 Banjar Bungas'),
('VE009','Apple','Apple.tv@apple.com','+6271843856472','10 Newfoundland'),
('VE010','Sanken','cs.sanken@sanken.com','+6205307593221','90 Hasan Bahri'),
('VE011','Miyako','Miyakodept@miyako.com','+6263889912302','11 Raya Serang'),
('VE012','Polytron','Polytron.tv@polytron.com','+6253978654320','13 Grand Thamrin'),
('VE013','Fleetwood','Fleetwood.tv@fleetwood.com','+6299934125467','21 North Carolina'),
('VE014','Philips','cs.philips@philips.com','+6298363421642','1 Darmo Boulevard'),
('VE015','Panasonic','Panasonic.tv@panasonic.com','+6203243548912','41 Gatot Subroto')

INSERT INTO TelevisionBr VALUES
('TB001','Samsung','2300'),
('TB002','Aorus','1400'),
('TB003','LG','2500'),
('TB004','Changhong','2100'),
('TB005','Huawei','1631'),
('TB006','Stark','1950'),
('TB007','Zevirus','2050'),
('TB008','AppleTv','1650'),
('TB009','Sanken','1680'),
('TB010','MiyakoTv','560'),
('TB011','Philips','950'),
('TB012','FleetWoodTv','3420'),
('TB013','Polytron','3950'),
('TB014','Panasonic','2350'),
('TB015','Asus','1251')


INSERT INTO Television VALUES
('TE001','SmartLED','TB001','9500000'),
('TE002','SmartUHD','TB002','1500000'),
('TE003','O-LED','TB003','5000000'),
('TE004','AMOLED','TB004','2500000'),
('TE005','Pintar','TB005','3500000'),
('TE006','Bodoh','TB006','4500000'),
('TE007','SuperLEDTV','TB007','5500000'),
('TE008','TvboxUHD','TB008','15000000'),
('TE009','SuperUHD','TB009','19000000'),
('TE010','Porto','TB010','5900000'),
('TE011','SuperAmoLED','TB011','12000000'),
('TE012','GudtvUHD','TB012','10000000'),
('TE013','IdolUHD','TB013','19500000'),
('TE014','TronLeg','TB014','7500000'),
('TE015','S-LED-hz','TB015','11500000'),
('TE016','ssniper','TB001','8500000'),
('TE017','LegendUHD','TB002','9500000'),
('TE018','tomatLED','TB003','19500000'),
('TE019','ProteinUHD','TB004','6000000'),
('TE020','SumpahTv','TB005','10000000'),
('TE021','Rumah-LED','TB006','6500000'),
('TE022','TransTv','TB007','5500000'),
('TE023','NetMedaUHD','TB008','8500000'),
('TE024','PolisiUHD','TB009','7600000'),
('TE025','GoLED','TB010','3500000')